insert into CLUSTER_TBL (id,cluster_name,activedc_id,cluster_description,cluster_last_modified_time,status,is_xpipe_interested) values (1,'cluster1',1,'Cluster:cluster1 , ActiveDC : A','0000000000000000','Normal',1);

insert into DC_CLUSTER_TBL (dc_cluster_id,dc_id,cluster_id,dc_cluster_phase,metaserver_id) values (1,1,1,1,0);
insert into DC_CLUSTER_TBL (dc_cluster_id,dc_id,cluster_id,dc_cluster_phase,metaserver_id) values (2,2,1,1,0);

insert into SHARD_TBL (id,shard_name,setinel_monitor_name,cluster_id) values(1,'shard1','shard1', 1);
insert into SHARD_TBL (id,shard_name,setinel_monitor_name,cluster_id) values(2,'shard2','shard2', 1);

insert into DC_CLUSTER_SHARD_TBL (dc_cluster_shard_id,dc_cluster_id,shard_id,setinel_id,dc_cluster_shard_phase) values (1,1,1,1,1);
insert into DC_CLUSTER_SHARD_TBL (dc_cluster_shard_id,dc_cluster_id,shard_id,setinel_id,dc_cluster_shard_phase) values (2,2,1,2,1);
insert into DC_CLUSTER_SHARD_TBL (dc_cluster_shard_id,dc_cluster_id,shard_id,setinel_id,dc_cluster_shard_phase) values (3,1,2,1,1);
insert into DC_CLUSTER_SHARD_TBL (dc_cluster_shard_id,dc_cluster_id,shard_id,setinel_id,dc_cluster_shard_phase) values (4,2,2,2,1);

insert into CLUSTER_TBL (id,cluster_name,activedc_id,cluster_description,cluster_last_modified_time,status,is_xpipe_interested, cluster_org_id) values (2,'cluster2',1,'Cluster:cluster2 , ActiveDC : A','0000000000000000','Normal',1, 2);

insert into DC_CLUSTER_TBL (dc_cluster_id,dc_id,cluster_id,dc_cluster_phase,metaserver_id) values (3,1,2,1,0);
insert into DC_CLUSTER_TBL (dc_cluster_id,dc_id,cluster_id,dc_cluster_phase,metaserver_id) values (4,2,2,1,0);

insert into SHARD_TBL (id,shard_name,setinel_monitor_name,cluster_id) values(3,'cluster2shard1','cluster2shard1', 2);
insert into SHARD_TBL (id,shard_name,setinel_monitor_name,cluster_id) values(4,'cluster2shard2','cluster2shard2', 2);

insert into DC_CLUSTER_SHARD_TBL (dc_cluster_shard_id,dc_cluster_id,shard_id,setinel_id,dc_cluster_shard_phase) values (5,3,3,1,1);
insert into DC_CLUSTER_SHARD_TBL (dc_cluster_shard_id,dc_cluster_id,shard_id,setinel_id,dc_cluster_shard_phase) values (6,4,3,2,1);
insert into DC_CLUSTER_SHARD_TBL (dc_cluster_shard_id,dc_cluster_id,shard_id,setinel_id,dc_cluster_shard_phase) values (7,3,4,1,1);
insert into DC_CLUSTER_SHARD_TBL (dc_cluster_shard_id,dc_cluster_id,shard_id,setinel_id,dc_cluster_shard_phase) values (8,4,4,2,1);

insert into KEEPERCONTAINER_TBL(keepercontainer_id,keepercontainer_dc,keepercontainer_ip,keepercontainer_port,keepercontainer_active, keepercontainer_org_id) values (7,1,'127.0.0.2',7083,1,2);
insert into KEEPERCONTAINER_TBL(keepercontainer_id,keepercontainer_dc,keepercontainer_ip,keepercontainer_port,keepercontainer_active, keepercontainer_org_id) values (8,1,'127.0.0.2',7084,1,2);
insert into KEEPERCONTAINER_TBL(keepercontainer_id,keepercontainer_dc,keepercontainer_ip,keepercontainer_port,keepercontainer_active, keepercontainer_org_id) values (9,2,'127.0.0.2',7083,1,2);
insert into KEEPERCONTAINER_TBL(keepercontainer_id,keepercontainer_dc,keepercontainer_ip,keepercontainer_port,keepercontainer_active, keepercontainer_org_id) values (10,2,'127.0.0.2',7084,1,2);


insert into CLUSTER_TBL (id,cluster_name,activedc_id,cluster_description,cluster_last_modified_time,status,is_xpipe_interested, cluster_org_id) values (3,'cluster3',2,'Cluster:cluster3 , ActiveDC : B','0000000000000000','Normal',1, 3);

insert into DC_CLUSTER_TBL (dc_cluster_id,dc_id,cluster_id,dc_cluster_phase,metaserver_id) values (5,1,3,1,0);
insert into DC_CLUSTER_TBL (dc_cluster_id,dc_id,cluster_id,dc_cluster_phase,metaserver_id) values (6,2,3,1,0);

insert into SHARD_TBL (id,shard_name,setinel_monitor_name,cluster_id) values(5,'cluster3shard1','cluster3shard1', 3);
insert into SHARD_TBL (id,shard_name,setinel_monitor_name,cluster_id) values(6,'cluster3shard2','cluster3shard2', 3);

insert into DC_CLUSTER_SHARD_TBL (dc_cluster_shard_id,dc_cluster_id,shard_id,setinel_id,dc_cluster_shard_phase) values (9, 5,5,1,1);
insert into DC_CLUSTER_SHARD_TBL (dc_cluster_shard_id,dc_cluster_id,shard_id,setinel_id,dc_cluster_shard_phase) values (10,6,5,2,1);
insert into DC_CLUSTER_SHARD_TBL (dc_cluster_shard_id,dc_cluster_id,shard_id,setinel_id,dc_cluster_shard_phase) values (11,5,6,1,1);
insert into DC_CLUSTER_SHARD_TBL (dc_cluster_shard_id,dc_cluster_id,shard_id,setinel_id,dc_cluster_shard_phase) values (12,6,6,2,1);


insert into CLUSTER_TBL (id,cluster_name,activedc_id,cluster_description,cluster_last_modified_time,status,is_xpipe_interested, cluster_org_id) values (4,'cluster4',1,'Cluster:cluster4 , ActiveDC : A','0000000000000000','Normal',1, 6);

insert into DC_CLUSTER_TBL (dc_cluster_id,dc_id,cluster_id,dc_cluster_phase,metaserver_id) values (7,1,4,1,0);
insert into DC_CLUSTER_TBL (dc_cluster_id,dc_id,cluster_id,dc_cluster_phase,metaserver_id) values (8,2,4,1,0);

insert into SHARD_TBL (id,shard_name,setinel_monitor_name,cluster_id) values(7,'cluster4shard1','cluster4shard1', 4);
insert into SHARD_TBL (id,shard_name,setinel_monitor_name,cluster_id) values(8,'cluster4shard2','cluster4shard2', 4);

insert into DC_CLUSTER_SHARD_TBL (dc_cluster_shard_id,dc_cluster_id,shard_id,setinel_id,dc_cluster_shard_phase) values (13,7,7,1,1);
insert into DC_CLUSTER_SHARD_TBL (dc_cluster_shard_id,dc_cluster_id,shard_id,setinel_id,dc_cluster_shard_phase) values (14,8,7,2,1);
insert into DC_CLUSTER_SHARD_TBL (dc_cluster_shard_id,dc_cluster_id,shard_id,setinel_id,dc_cluster_shard_phase) values (15,7,8,1,1);
insert into DC_CLUSTER_SHARD_TBL (dc_cluster_shard_id,dc_cluster_id,shard_id,setinel_id,dc_cluster_shard_phase) values (16,8,8,2,1);

insert into KEEPERCONTAINER_TBL(keepercontainer_id,keepercontainer_dc,keepercontainer_ip,keepercontainer_port,keepercontainer_active, keepercontainer_org_id) values (11,1,'127.0.1.2',7083,1,6);
insert into KEEPERCONTAINER_TBL(keepercontainer_id,keepercontainer_dc,keepercontainer_ip,keepercontainer_port,keepercontainer_active, keepercontainer_org_id) values (12,1,'127.0.1.2',7084,1,6);
insert into KEEPERCONTAINER_TBL(keepercontainer_id,keepercontainer_dc,keepercontainer_ip,keepercontainer_port,keepercontainer_active, keepercontainer_org_id) values (13,2,'127.0.1.2',7085,1,6);
insert into KEEPERCONTAINER_TBL(keepercontainer_id,keepercontainer_dc,keepercontainer_ip,keepercontainer_port,keepercontainer_active, keepercontainer_org_id) values (14,2,'127.0.1.2',7086,1,6);


insert into organization_tbl(org_id, org_name) values (1, 'org-1'), (2, 'org-2'), (3, 'org-3'), (4, 'org-4'), (5, 'org-5'), (6, 'org-6');

insert into REDIS_TBL (id,run_id,dc_cluster_shard_id,redis_ip,redis_port,redis_role,master,redis_master,keepercontainer_id) values(1,'fff',1,'127.0.0.1',6000,'keeper',0,-1,1);
insert into REDIS_TBL (id,run_id,dc_cluster_shard_id,redis_ip,redis_port,redis_role,master,redis_master,keepercontainer_id) values(2,'fff',1,'127.0.0.1',6001,'keeper',0,-1,2);
insert into REDIS_TBL (id,run_id,dc_cluster_shard_id,redis_ip,redis_port,redis_role,master,redis_master,keepercontainer_id) values(3,'unknown',1,'127.0.0.1',6379,'redis',1,0,null);
insert into REDIS_TBL (id,run_id,dc_cluster_shard_id,redis_ip,redis_port,redis_role,master,redis_master,keepercontainer_id) values(4,'unknown',1,'127.0.0.1',6479,'redis',0,-1,null);

insert into REDIS_TBL (id,run_id,dc_cluster_shard_id,redis_ip,redis_port,redis_role,master,redis_master,keepercontainer_id) values(6,'eee',2,'127.0.0.1',6100,'keeper',0,-1,4);
insert into REDIS_TBL (id,run_id,dc_cluster_shard_id,redis_ip,redis_port,redis_role,master,redis_master,keepercontainer_id) values(7,'eee',2,'127.0.0.1',6101,'keeper',0,-1,5);
insert into REDIS_TBL (id,run_id,dc_cluster_shard_id,redis_ip,redis_port,redis_role,master,redis_master,keepercontainer_id) values(8,'unknown',2,'127.0.0.1',6579,'redis',0,-1,null);
insert into REDIS_TBL (id,run_id,dc_cluster_shard_id,redis_ip,redis_port,redis_role,master,redis_master,keepercontainer_id) values(9,'unknown',2,'127.0.0.1',6679,'redis',0,-1,null);

insert into REDIS_TBL (id,run_id,dc_cluster_shard_id,redis_ip,redis_port,redis_role,master,redis_master,keepercontainer_id) values(10,'bff',13,'127.0.0.1',7000,'keeper',0,-1,1);
insert into REDIS_TBL (id,run_id,dc_cluster_shard_id,redis_ip,redis_port,redis_role,master,redis_master,keepercontainer_id) values(11,'bff',13,'127.0.0.1',7001,'keeper',0,-1,2);
insert into REDIS_TBL (id,run_id,dc_cluster_shard_id,redis_ip,redis_port,redis_role,master,redis_master,keepercontainer_id) values(12,'unknown',13,'127.0.0.1',7379,'redis',1,0,null);
insert into REDIS_TBL (id,run_id,dc_cluster_shard_id,redis_ip,redis_port,redis_role,master,redis_master,keepercontainer_id) values(13,'unknown',13,'127.0.0.1',7479,'redis',0,-1,null);

insert into REDIS_TBL (id,run_id,dc_cluster_shard_id,redis_ip,redis_port,redis_role,master,redis_master,keepercontainer_id, deleted) values(15,'bee',14,'127.0.0.1',7100,'keeper',0,-1,11, 1);
insert into REDIS_TBL (id,run_id,dc_cluster_shard_id,redis_ip,redis_port,redis_role,master,redis_master,keepercontainer_id, deleted) values(16,'bee',14,'127.0.0.1',7101,'keeper',0,-1,12, 1);
insert into REDIS_TBL (id,run_id,dc_cluster_shard_id,redis_ip,redis_port,redis_role,master,redis_master,keepercontainer_id, deleted) values(17,'unknown',14,'127.0.0.1',7579,'redis',0,-1,null, 1);
insert into REDIS_TBL (id,run_id,dc_cluster_shard_id,redis_ip,redis_port,redis_role,master,redis_master,keepercontainer_id, deleted) values(18,'unknown',14,'127.0.0.1',7679,'redis',0,-1,null, 1);


insert into CLUSTER_TBL (id,cluster_name,activedc_id,cluster_description,cluster_last_modified_time,status,is_xpipe_interested, cluster_org_id) values (5,'cluster5',1,'Cluster:cluster4 , ActiveDC : A','0000000000000000','Normal',1, 5);

insert into DC_CLUSTER_TBL (dc_cluster_id,dc_id,cluster_id,dc_cluster_phase,metaserver_id) values (9,1,5,1,0);
insert into DC_CLUSTER_TBL (dc_cluster_id,dc_id,cluster_id,dc_cluster_phase,metaserver_id) values (10,2,5,1,0);

insert into SHARD_TBL (id,shard_name,setinel_monitor_name,cluster_id) values(9,'cluster5shard1','cluster5shard1', 5);

insert into DC_CLUSTER_SHARD_TBL (dc_cluster_shard_id,dc_cluster_id,shard_id,setinel_id,dc_cluster_shard_phase) values (17,9,9,1,1);
insert into DC_CLUSTER_SHARD_TBL (dc_cluster_shard_id,dc_cluster_id,shard_id,setinel_id,dc_cluster_shard_phase) values (18,9,9,1,1);

insert into KEEPERCONTAINER_TBL(keepercontainer_id,keepercontainer_dc,keepercontainer_ip,keepercontainer_port,keepercontainer_active, keepercontainer_org_id) values (19,1,'127.0.1.2',7083,1,5);
insert into KEEPERCONTAINER_TBL(keepercontainer_id,keepercontainer_dc,keepercontainer_ip,keepercontainer_port,keepercontainer_active, keepercontainer_org_id) values (20,1,'127.0.1.2',7084,1,5);
insert into KEEPERCONTAINER_TBL(keepercontainer_id,keepercontainer_dc,keepercontainer_ip,keepercontainer_port,keepercontainer_active, keepercontainer_org_id) values (21,2,'127.0.1.2',7085,1,5);
insert into KEEPERCONTAINER_TBL(keepercontainer_id,keepercontainer_dc,keepercontainer_ip,keepercontainer_port,keepercontainer_active, keepercontainer_org_id) values (22,2,'127.0.1.2',7086,1,5);

insert into REDIS_TBL (id,run_id,dc_cluster_shard_id,redis_ip,redis_port,redis_role,master,redis_master,keepercontainer_id) values(19,'bee',17,'127.0.0.1',8100,'keeper',0,-1,19);
insert into REDIS_TBL (id,run_id,dc_cluster_shard_id,redis_ip,redis_port,redis_role,master,redis_master,keepercontainer_id) values(20,'bee',17,'127.0.0.1',8101,'keeper',0,-1,20);
insert into REDIS_TBL (id,run_id,dc_cluster_shard_id,redis_ip,redis_port,redis_role,master,redis_master,keepercontainer_id) values(21,'unknown',17,'127.0.0.1',8579,'redis',0,-1,null);
insert into REDIS_TBL (id,run_id,dc_cluster_shard_id,redis_ip,redis_port,redis_role,master,redis_master,keepercontainer_id) values(22,'unknown',17,'127.0.0.1',8679,'redis',0,-1,null);

insert into AZ_TBL (id, dc_id, az_name, active, description) values (1, 3, 'A', 1, 'zone for dc:fra zone A');
insert into AZ_TBL (id, dc_id, az_name, active, description) values (2, 3, 'B', 1, 'zone for dc:fra zone B');
insert into AZ_TBL (id, dc_id, az_name, active, description) values (3, 3, 'C', 0, 'zone for dc:fra zone C');

insert into KEEPERCONTAINER_TBL(keepercontainer_id,keepercontainer_dc,keepercontainer_ip,keepercontainer_port,keepercontainer_active,az_id, keepercontainer_org_id) values (30,3,'127.0.1.2',7033,1,1,0);
insert into KEEPERCONTAINER_TBL(keepercontainer_id,keepercontainer_dc,keepercontainer_ip,keepercontainer_port,keepercontainer_active,az_id, keepercontainer_org_id) values (31,3,'127.0.1.2',7034,1,1,0);
insert into KEEPERCONTAINER_TBL(keepercontainer_id,keepercontainer_dc,keepercontainer_ip,keepercontainer_port,keepercontainer_active,az_id, keepercontainer_org_id) values (32,3,'127.0.1.2',7035,1,2,0);
insert into KEEPERCONTAINER_TBL(keepercontainer_id,keepercontainer_dc,keepercontainer_ip,keepercontainer_port,keepercontainer_active,az_id, keepercontainer_org_id) values (33,3,'127.0.1.2',7036,1,2,0);
insert into KEEPERCONTAINER_TBL(keepercontainer_id,keepercontainer_dc,keepercontainer_ip,keepercontainer_port,keepercontainer_active,az_id, keepercontainer_org_id) values (34,3,'127.0.1.2',7037,1,3,0);
insert into KEEPERCONTAINER_TBL(keepercontainer_id,keepercontainer_dc,keepercontainer_ip,keepercontainer_port,keepercontainer_active,az_id, keepercontainer_org_id) values (35,3,'127.0.1.2',7038,1,3,0);

insert into CLUSTER_TBL (id,cluster_name,activedc_id,cluster_description,cluster_last_modified_time,status,is_xpipe_interested, cluster_org_id) values (6,'cluster6',3,'Cluster:cluster6 , ActiveDC : A','0000000000000000','Normal',1, 0);
