insert into CLUSTER_TBL (id,cluster_name,activedc_id,cluster_description,cluster_last_modified_time,status,is_xpipe_interested, cluster_org_id) values (1,'cluster1',1,'Cluster:cluster1 , ActiveDC : A','0000000000000000','Normal',1, 1);
insert into CLUSTER_TBL (id,cluster_name,activedc_id,cluster_description,cluster_last_modified_time,status,is_xpipe_interested, cluster_org_id) values (2,'cluster2',1,'Cluster:cluster2 , ActiveDC : A','0000000000000000','Normal',1, 1);
insert into CLUSTER_TBL (id,cluster_name,activedc_id,cluster_description,cluster_last_modified_time,status,is_xpipe_interested, cluster_org_id) values (3,'cluster3',1,'Cluster:cluster3 , ActiveDC : A','0000000000000000','Normal',1, 1);
insert into CLUSTER_TBL (id,cluster_name,activedc_id,cluster_description,cluster_last_modified_time,status,is_xpipe_interested, cluster_org_id) values (4,'cluster4',1,'Cluster:cluster4 , ActiveDC : A','0000000000000000','Normal',1, 1);
insert into CLUSTER_TBL (id,cluster_name,activedc_id,cluster_description,cluster_last_modified_time,status,is_xpipe_interested, cluster_org_id) values (5,'cluster5',1,'Cluster:cluster5 , ActiveDC : A','0000000000000000','Normal',1, 1);
insert into CLUSTER_TBL (id,cluster_name,activedc_id,cluster_description,cluster_last_modified_time,status,is_xpipe_interested, cluster_org_id) values (6,'cluster6',1,'Cluster:cluster6 , ActiveDC : A','0000000000000000','Normal',1, 1);
insert into CLUSTER_TBL (id,cluster_name,activedc_id,cluster_description,cluster_last_modified_time,status,is_xpipe_interested, cluster_org_id) values (7,'cluster7',1,'Cluster:cluster7 , ActiveDC : A','0000000000000000','Normal',1, 1);
insert into CLUSTER_TBL (id,cluster_name,activedc_id,cluster_description,cluster_last_modified_time,status,is_xpipe_interested, cluster_org_id) values (8,'cluster8',1,'Cluster:cluster8 , ActiveDC : A','0000000000000000','Normal',1, 1);
insert into CLUSTER_TBL (id,cluster_name,activedc_id,cluster_description,cluster_last_modified_time,status,is_xpipe_interested, cluster_org_id) values (9,'cluster9',1,'Cluster:cluster9 , ActiveDC : A','0000000000000000','Normal',1, 1);
insert into CLUSTER_TBL (id,cluster_name,activedc_id,cluster_description,cluster_last_modified_time,status,is_xpipe_interested, cluster_org_id) values (10,'cluster10',1,'Cluster:cluster10 , ActiveDC : A','0000000000000000','Normal',1, 1);

insert into SHARD_TBL (id,shard_name,setinel_monitor_name,cluster_id) values(1,'shard1','shard1', 1);
insert into SHARD_TBL (id,shard_name,setinel_monitor_name,cluster_id) values(2,'shard2','shard2', 1);
insert into SHARD_TBL (id,shard_name,setinel_monitor_name,cluster_id) values(3,'shard1','shard1', 2);
insert into SHARD_TBL (id,shard_name,setinel_monitor_name,cluster_id) values(4,'shard2','shard2', 2);
insert into SHARD_TBL (id,shard_name,setinel_monitor_name,cluster_id) values(5,'shard2','shard2', 3);
insert into SHARD_TBL (id,shard_name,setinel_monitor_name,cluster_id) values(6,'shard1','shard1', 3);
insert into SHARD_TBL (id,shard_name,setinel_monitor_name,cluster_id) values(7,'shard2','shard2', 4);
insert into SHARD_TBL (id,shard_name,setinel_monitor_name,cluster_id) values(8,'shard1','shard1', 4);
insert into SHARD_TBL (id,shard_name,setinel_monitor_name,cluster_id) values(9,'shard2','shard2', 5);
insert into SHARD_TBL (id,shard_name,setinel_monitor_name,cluster_id) values(10,'shard1','shard1', 5);
insert into SHARD_TBL (id,shard_name,setinel_monitor_name,cluster_id) values(11,'shard2','shard2', 6);
insert into SHARD_TBL (id,shard_name,setinel_monitor_name,cluster_id) values(12,'shard1','shard1', 6);
insert into SHARD_TBL (id,shard_name,setinel_monitor_name,cluster_id) values(13,'shard2','shard2', 7);
insert into SHARD_TBL (id,shard_name,setinel_monitor_name,cluster_id) values(14,'shard1','shard1', 7);
insert into SHARD_TBL (id,shard_name,setinel_monitor_name,cluster_id) values(15,'shard2','shard2', 8);
insert into SHARD_TBL (id,shard_name,setinel_monitor_name,cluster_id) values(16,'shard1','shard1', 8);
insert into SHARD_TBL (id,shard_name,setinel_monitor_name,cluster_id) values(17,'shard2','shard2', 9);
insert into SHARD_TBL (id,shard_name,setinel_monitor_name,cluster_id) values(18,'shard1','shard1', 9);
insert into SHARD_TBL (id,shard_name,setinel_monitor_name,cluster_id) values(19,'shard2','shard2', 10);
insert into SHARD_TBL (id,shard_name,setinel_monitor_name,cluster_id) values(20,'shard1','shard1', 10);

insert into DC_CLUSTER_TBL (dc_cluster_id,dc_id,cluster_id,dc_cluster_phase,metaserver_id) values (1,1,1,1,0);
insert into DC_CLUSTER_TBL (dc_cluster_id,dc_id,cluster_id,dc_cluster_phase,metaserver_id) values (2,2,1,1,0);
insert into DC_CLUSTER_TBL (dc_cluster_id,dc_id,cluster_id,dc_cluster_phase,metaserver_id) values (3,1,2,1,0);
insert into DC_CLUSTER_TBL (dc_cluster_id,dc_id,cluster_id,dc_cluster_phase,metaserver_id) values (4,2,2,1,0);
insert into DC_CLUSTER_TBL (dc_cluster_id,dc_id,cluster_id,dc_cluster_phase,metaserver_id) values (5,1,3,1,0);
insert into DC_CLUSTER_TBL (dc_cluster_id,dc_id,cluster_id,dc_cluster_phase,metaserver_id) values (6,2,3,1,0);
insert into DC_CLUSTER_TBL (dc_cluster_id,dc_id,cluster_id,dc_cluster_phase,metaserver_id) values (7,1,4,1,0);
insert into DC_CLUSTER_TBL (dc_cluster_id,dc_id,cluster_id,dc_cluster_phase,metaserver_id) values (8,2,4,1,0);
insert into DC_CLUSTER_TBL (dc_cluster_id,dc_id,cluster_id,dc_cluster_phase,metaserver_id) values (9,1,5,1,0);
insert into DC_CLUSTER_TBL (dc_cluster_id,dc_id,cluster_id,dc_cluster_phase,metaserver_id) values (10,2,5,1,0);
insert into DC_CLUSTER_TBL (dc_cluster_id,dc_id,cluster_id,dc_cluster_phase,metaserver_id) values (11,1,6,1,0);
insert into DC_CLUSTER_TBL (dc_cluster_id,dc_id,cluster_id,dc_cluster_phase,metaserver_id) values (12,2,6,1,0);
insert into DC_CLUSTER_TBL (dc_cluster_id,dc_id,cluster_id,dc_cluster_phase,metaserver_id) values (13,1,7,1,0);
insert into DC_CLUSTER_TBL (dc_cluster_id,dc_id,cluster_id,dc_cluster_phase,metaserver_id) values (14,2,7,1,0);
insert into DC_CLUSTER_TBL (dc_cluster_id,dc_id,cluster_id,dc_cluster_phase,metaserver_id) values (15,1,8,1,0);
insert into DC_CLUSTER_TBL (dc_cluster_id,dc_id,cluster_id,dc_cluster_phase,metaserver_id) values (16,2,8,1,0);
insert into DC_CLUSTER_TBL (dc_cluster_id,dc_id,cluster_id,dc_cluster_phase,metaserver_id) values (17,1,9,1,0);
insert into DC_CLUSTER_TBL (dc_cluster_id,dc_id,cluster_id,dc_cluster_phase,metaserver_id) values (18,2,9,1,0);
insert into DC_CLUSTER_TBL (dc_cluster_id,dc_id,cluster_id,dc_cluster_phase,metaserver_id) values (19,1,10,1,0);
insert into DC_CLUSTER_TBL (dc_cluster_id,dc_id,cluster_id,dc_cluster_phase,metaserver_id) values (20,2,10,1,0);

insert into MIGRATION_EVENT_TBL (id,event_tag) values (1,'migration-1');

insert into MIGRATION_CLUSTER_TBL (id,migration_event_id,cluster_id,source_dc_id,destination_dc_id,status) values (1,1,1,1,2,'PartialSuccess');
insert into MIGRATION_CLUSTER_TBL (id,migration_event_id,cluster_id,source_dc_id,destination_dc_id,status) values (2,1,2,1,2,'Initiated');
insert into MIGRATION_CLUSTER_TBL (id,migration_event_id,cluster_id,source_dc_id,destination_dc_id,status) values (3,1,3,1,2,'Checking');
insert into MIGRATION_CLUSTER_TBL (id,migration_event_id,cluster_id,source_dc_id,destination_dc_id,status) values (4,1,4,1,2,'CheckingFail');
insert into MIGRATION_CLUSTER_TBL (id,migration_event_id,cluster_id,source_dc_id,destination_dc_id,status) values (5,1,5,1,2,'Migrating');
insert into MIGRATION_CLUSTER_TBL (id,migration_event_id,cluster_id,source_dc_id,destination_dc_id,status) values (6,1,6,1,2,'Publish');
insert into MIGRATION_CLUSTER_TBL (id,migration_event_id,cluster_id,source_dc_id,destination_dc_id,status) values (7,1,7,1,2,'RollBack');
insert into MIGRATION_CLUSTER_TBL (id,migration_event_id,cluster_id,source_dc_id,destination_dc_id,status) values (8,1,8,1,2,'Aborted');
insert into MIGRATION_CLUSTER_TBL (id,migration_event_id,cluster_id,source_dc_id,destination_dc_id,status) values (9,1,9,1,2,'Success');
insert into MIGRATION_CLUSTER_TBL (id,migration_event_id,cluster_id,source_dc_id,destination_dc_id,status) values (10,1,10,1,2,'ForceEnd');

insert into MIGRATION_SHARD_TBL (migration_cluster_id, shard_id) values (1,1);
insert into MIGRATION_SHARD_TBL (migration_cluster_id, shard_id) values (1,2);
insert into MIGRATION_SHARD_TBL (migration_cluster_id, shard_id) values (2,3);
insert into MIGRATION_SHARD_TBL (migration_cluster_id, shard_id) values (2,4);
insert into MIGRATION_SHARD_TBL (migration_cluster_id, shard_id) values (3,5);
insert into MIGRATION_SHARD_TBL (migration_cluster_id, shard_id) values (3,6);
insert into MIGRATION_SHARD_TBL (migration_cluster_id, shard_id) values (4,7);
insert into MIGRATION_SHARD_TBL (migration_cluster_id, shard_id) values (4,8);
insert into MIGRATION_SHARD_TBL (migration_cluster_id, shard_id) values (5,9);
insert into MIGRATION_SHARD_TBL (migration_cluster_id, shard_id) values (5,10);
insert into MIGRATION_SHARD_TBL (migration_cluster_id, shard_id) values (6,11);
insert into MIGRATION_SHARD_TBL (migration_cluster_id, shard_id) values (6,12);
insert into MIGRATION_SHARD_TBL (migration_cluster_id, shard_id) values (7,13);
insert into MIGRATION_SHARD_TBL (migration_cluster_id, shard_id) values (7,14);
insert into MIGRATION_SHARD_TBL (migration_cluster_id, shard_id) values (8,15);
insert into MIGRATION_SHARD_TBL (migration_cluster_id, shard_id) values (8,16);
insert into MIGRATION_SHARD_TBL (migration_cluster_id, shard_id) values (9,17);
insert into MIGRATION_SHARD_TBL (migration_cluster_id, shard_id) values (9,18);
insert into MIGRATION_SHARD_TBL (migration_cluster_id, shard_id) values (10,19);
insert into MIGRATION_SHARD_TBL (migration_cluster_id, shard_id) values (10,20);